rownames,mpg,cyl,disp,hp,drat,wt,qsec,vs,am,gear,carb,mpg-prediction
Porsche 914-2,26.0,4,120.3,91,4.43,2.14,16.7,0,1,5,2,25.34362502587085
Lotus Europa,30.4,4,95.1,113,3.77,1.513,16.9,1,1,5,2,30.38867758620586
Ford Pantera L,15.8,8,351.0,264,4.22,3.17,14.5,0,1,5,4,17.055899129307758
Ferrari Dino,19.7,6,145.0,175,3.62,2.77,15.5,0,1,5,6,20.274433458070124
Maserati Bora,15.0,8,301.0,335,3.54,3.57,14.6,0,1,5,8,13.83736480054539
