left,right,count
2.0,2.24,4
2.24,2.48,7
2.48,2.72,22
2.72,2.96,24
2.96,3.2,37
3.2,3.4400000000000004,31
3.4400000000000004,3.68,10
3.68,3.9200000000000004,11
3.9200000000000004,4.16,2
4.16,4.4,2
