count,left,right
4,2.0,2.24
7,2.24,2.48
22,2.48,2.72
24,2.72,2.96
37,2.96,3.2
31,3.2,3.4400000000000004
10,3.4400000000000004,3.6800000000000006
11,3.6800000000000006,3.9200000000000004
2,3.9200000000000004,4.16
2,4.16,4.4
