x,y,xx,predicted-y
34617,85,1198336689,85.21164461664193
35214,78,1240025796,76.81181047081009
35693,65,1273990249,66.51897358132555
35956,58,1292833936,59.52221756113977
36193,55,1309933249,52.400199511350365
36390,46,1324232100,45.890773956451085
36651,36,1343295801,36.44249849868356
36735,33,1349460225,33.20188180362675
